competitionDate,discipline,Hour
24/7/2021,3x3 Basketball,10
24/7/2021,3x3 Basketball,11
24/7/2021,3x3 Basketball,12
24/7/2021,3x3 Basketball,14
24/7/2021,3x3 Basketball,15
24/7/2021,3x3 Basketball,17
24/7/2021,3x3 Basketball,18
24/7/2021,3x3 Basketball,19
24/7/2021,3x3 Basketball,21
24/7/2021,3x3 Basketball,22
25/7/2021,3x3 Basketball,10
25/7/2021,3x3 Basketball,11
25/7/2021,3x3 Basketball,12
25/7/2021,3x3 Basketball,13
25/7/2021,3x3 Basketball,14
25/7/2021,3x3 Basketball,15
25/7/2021,3x3 Basketball,17
25/7/2021,3x3 Basketball,18
25/7/2021,3x3 Basketball,19
25/7/2021,3x3 Basketball,21
25/7/2021,3x3 Basketball,22
26/7/2021,3x3 Basketball,10
26/7/2021,3x3 Basketball,11
26/7/2021,3x3 Basketball,12
26/7/2021,3x3 Basketball,14
26/7/2021,3x3 Basketball,15
26/7/2021,3x3 Basketball,17
26/7/2021,3x3 Basketball,18
26/7/2021,3x3 Basketball,19
26/7/2021,3x3 Basketball,20
26/7/2021,3x3 Basketball,21
26/7/2021,3x3 Basketball,22
27/7/2021,3x3 Basketball,13
27/7/2021,3x3 Basketball,14
27/7/2021,3x3 Basketball,15
27/7/2021,3x3 Basketball,17
27/7/2021,3x3 Basketball,18
27/7/2021,3x3 Basketball,20
27/7/2021,3x3 Basketball,21
27/7/2021,3x3 Basketball,22
28/7/2021,3x3 Basketball,17
28/7/2021,3x3 Basketball,18
28/7/2021,3x3 Basketball,20
28/7/2021,3x3 Basketball,21
28/7/2021,3x3 Basketball,22
23/7/2021,Archery,9
23/7/2021,Archery,10
23/7/2021,Archery,13
23/7/2021,Archery,14
24/7/2021,Archery,9
24/7/2021,Archery,10
24/7/2021,Archery,11
24/7/2021,Archery,14
24/7/2021,Archery,15
24/7/2021,Archery,16
25/7/2021,Archery,9
25/7/2021,Archery,10
25/7/2021,Archery,11
25/7/2021,Archery,13
25/7/2021,Archery,14
25/7/2021,Archery,15
25/7/2021,Archery,16
26/7/2021,Archery,9
26/7/2021,Archery,10
26/7/2021,Archery,11
26/7/2021,Archery,13
26/7/2021,Archery,14
26/7/2021,Archery,15
26/7/2021,Archery,16
27/7/2021,Archery,11
27/7/2021,Archery,12
27/7/2021,Archery,13
27/7/2021,Archery,14
27/7/2021,Archery,15
28/7/2021,Archery,9
28/7/2021,Archery,10
28/7/2021,Archery,11
28/7/2021,Archery,12
28/7/2021,Archery,13
28/7/2021,Archery,14
28/7/2021,Archery,15
28/7/2021,Archery,16
28/7/2021,Archery,17
28/7/2021,Archery,18
28/7/2021,Archery,19
29/7/2021,Archery,9
29/7/2021,Archery,10
29/7/2021,Archery,11
29/7/2021,Archery,12
29/7/2021,Archery,13
29/7/2021,Archery,14
29/7/2021,Archery,15
29/7/2021,Archery,16
29/7/2021,Archery,17
29/7/2021,Archery,18
30/7/2021,Archery,9
30/7/2021,Archery,10
30/7/2021,Archery,11
30/7/2021,Archery,14
30/7/2021,Archery,15
30/7/2021,Archery,16
31/7/2021,Archery,9
31/7/2021,Archery,10
31/7/2021,Archery,11
31/7/2021,Archery,10
31/7/2021,Archery,15
31/7/2021,Archery,16
24/7/2021,Artistic Gymnastics,10
24/7/2021,Artistic Gymnastics,11
24/7/2021,Artistic Gymnastics,12
24/7/2021,Artistic Gymnastics,14
24/7/2021,Artistic Gymnastics,15
24/7/2021,Artistic Gymnastics,16
24/7/2021,Artistic Gymnastics,17
24/7/2021,Artistic Gymnastics,19
24/7/2021,Artistic Gymnastics,20
24/7/2021,Artistic Gymnastics,21
25/7/2021,Artistic Gymnastics,10
25/7/2021,Artistic Gymnastics,11
25/7/2021,Artistic Gymnastics,12
25/7/2021,Artistic Gymnastics,13
25/7/2021,Artistic Gymnastics,15
25/7/2021,Artistic Gymnastics,16
25/7/2021,Artistic Gymnastics,17
25/7/2021,Artistic Gymnastics,18
25/7/2021,Artistic Gymnastics,20
25/7/2021,Artistic Gymnastics,21
26/7/2021,Artistic Gymnastics,19
26/7/2021,Artistic Gymnastics,20
26/7/2021,Artistic Gymnastics,21
27/7/2021,Artistic Gymnastics,19
27/7/2021,Artistic Gymnastics,20
27/7/2021,Artistic Gymnastics,21
28/7/2021,Artistic Gymnastics,19
28/7/2021,Artistic Gymnastics,20
28/7/2021,Artistic Gymnastics,21
28/7/2021,Artistic Gymnastics,22
29/7/2021,Artistic Gymnastics,19
29/7/2021,Artistic Gymnastics,20
29/7/2021,Artistic Gymnastics,21
1/8/2021,Artistic Gymnastics,17
1/8/2021,Artistic Gymnastics,18
1/8/2021,Artistic Gymnastics,19
1/8/2021,Artistic Gymnastics,20
2/8/2021,Artistic Gymnastics,17
2/8/2021,Artistic Gymnastics,18
2/8/2021,Artistic Gymnastics,19
3/8/2021,Artistic Gymnastics,17
3/8/2021,Artistic Gymnastics,18
3/8/2021,Artistic Gymnastics,19
2/8/2021,Artistic Swimming,19
2/8/2021,Artistic Swimming,20
2/8/2021,Artistic Swimming,21
3/8/2021,Artistic Swimming,19
3/8/2021,Artistic Swimming,20
3/8/2021,Artistic Swimming,21
4/8/2021,Artistic Swimming,19
4/8/2021,Artistic Swimming,20
6/8/2021,Artistic Swimming,19
6/8/2021,Artistic Swimming,20
7/8/2021,Artistic Swimming,19
7/8/2021,Artistic Swimming,20
30/7/2021,Athletics,9
30/7/2021,Athletics,10
30/7/2021,Athletics,11
30/7/2021,Athletics,12
30/7/2021,Athletics,13
30/7/2021,Athletics,19
30/7/2021,Athletics,20
30/7/2021,Athletics,21
31/7/2021,Athletics,9
31/7/2021,Athletics,10
31/7/2021,Athletics,11
31/7/2021,Athletics,12
31/7/2021,Athletics,19
31/7/2021,Athletics,20
31/7/2021,Athletics,21
1/8/2021,Athletics,9
1/8/2021,Athletics,10
1/8/2021,Athletics,11
1/8/2021,Athletics,19
1/8/2021,Athletics,20
1/8/2021,Athletics,21
2/8/2021,Athletics,9
2/8/2021,Athletics,10
2/8/2021,Athletics,11
2/8/2021,Athletics,19
2/8/2021,Athletics,20
2/8/2021,Athletics,21
2/8/2021,Athletics,22
3/8/2021,Athletics,9
3/8/2021,Athletics,10
3/8/2021,Athletics,11
3/8/2021,Athletics,12
3/8/2021,Athletics,19
3/8/2021,Athletics,20
3/8/2021,Athletics,21
3/8/2021,Athletics,22
4/8/2021,Athletics,9
4/8/2021,Athletics,10
4/8/2021,Athletics,11
4/8/2021,Athletics,12
4/8/2021,Athletics,18
4/8/2021,Athletics,19
4/8/2021,Athletics,20
4/8/2021,Athletics,21
5/8/2021,Athletics,9
5/8/2021,Athletics,9
5/8/2021,Athletics,9
5/8/2021,Athletics,9
5/8/2021,Athletics,9
5/8/2021,Athletics,9
5/8/2021,Athletics,9
5/8/2021,Athletics,9
5/8/2021,Athletics,10
5/8/2021,Athletics,10
5/8/2021,Athletics,10
5/8/2021,Athletics,11
5/8/2021,Athletics,11
5/8/2021,Athletics,11
5/8/2021,Athletics,11
5/8/2021,Athletics,11
5/8/2021,Athletics,12
5/8/2021,Athletics,12
5/8/2021,Athletics,12
5/8/2021,Athletics,13
5/8/2021,Athletics,16
5/8/2021,Athletics,19
5/8/2021,Athletics,19
5/8/2021,Athletics,19
5/8/2021,Athletics,19
5/8/2021,Athletics,20
5/8/2021,Athletics,20
5/8/2021,Athletics,20
5/8/2021,Athletics,21
5/8/2021,Athletics,21
5/8/2021,Athletics,21
5/8/2021,Athletics,21
6/8/2021,Athletics,5
6/8/2021,Athletics,6
6/8/2021,Athletics,7
6/8/2021,Athletics,8
6/8/2021,Athletics,9
6/8/2021,Athletics,16
6/8/2021,Athletics,17
6/8/2021,Athletics,18
6/8/2021,Athletics,20
6/8/2021,Athletics,21
6/8/2021,Athletics,22
7/8/2021,Athletics,6
7/8/2021,Athletics,7
7/8/2021,Athletics,8
7/8/2021,Athletics,9
7/8/2021,Athletics,19
7/8/2021,Athletics,20
7/8/2021,Athletics,21
8/8/2021,Athletics,7
8/8/2021,Athletics,8
8/8/2021,Athletics,9
24/7/2021,Badminton,9
24/7/2021,Badminton,10
24/7/2021,Badminton,11
24/7/2021,Badminton,12
24/7/2021,Badminton,13
24/7/2021,Badminton,14
24/7/2021,Badminton,15
24/7/2021,Badminton,18
24/7/2021,Badminton,19
24/7/2021,Badminton,20
24/7/2021,Badminton,21
24/7/2021,Badminton,22
25/7/2021,Badminton,8
25/7/2021,Badminton,9
25/7/2021,Badminton,10
25/7/2021,Badminton,11
25/7/2021,Badminton,12
25/7/2021,Badminton,13
25/7/2021,Badminton,14
25/7/2021,Badminton,15
25/7/2021,Badminton,16
26/7/2021,Badminton,9
26/7/2021,Badminton,10
26/7/2021,Badminton,11
26/7/2021,Badminton,12
26/7/2021,Badminton,13
26/7/2021,Badminton,14
26/7/2021,Badminton,15
26/7/2021,Badminton,18
26/7/2021,Badminton,19
26/7/2021,Badminton,20
26/7/2021,Badminton,21
27/7/2021,Badminton,10
27/7/2021,Badminton,11
27/7/2021,Badminton,12
27/7/2021,Badminton,13
27/7/2021,Badminton,14
27/7/2021,Badminton,15
27/7/2021,Badminton,16
27/7/2021,Badminton,18
27/7/2021,Badminton,19
27/7/2021,Badminton,20
27/7/2021,Badminton,21
28/7/2021,Badminton,9
28/7/2021,Badminton,10
28/7/2021,Badminton,11
28/7/2021,Badminton,12
28/7/2021,Badminton,13
28/7/2021,Badminton,14
28/7/2021,Badminton,18
28/7/2021,Badminton,19
28/7/2021,Badminton,20
28/7/2021,Badminton,21
28/7/2021,Badminton,22
29/7/2021,Badminton,9
29/7/2021,Badminton,10
29/7/2021,Badminton,11
29/7/2021,Badminton,12
29/7/2021,Badminton,13
29/7/2021,Badminton,17
29/7/2021,Badminton,18
29/7/2021,Badminton,19
29/7/2021,Badminton,20
29/7/2021,Badminton,21
30/7/2021,Badminton,9
30/7/2021,Badminton,10
30/7/2021,Badminton,11
30/7/2021,Badminton,12
30/7/2021,Badminton,15
30/7/2021,Badminton,16
30/7/2021,Badminton,17
30/7/2021,Badminton,18
30/7/2021,Badminton,19
30/7/2021,Badminton,20
31/7/2021,Badminton,9
31/7/2021,Badminton,10
31/7/2021,Badminton,11
31/7/2021,Badminton,12
31/7/2021,Badminton,13
31/7/2021,Badminton,14
31/7/2021,Badminton,15
31/7/2021,Badminton,18
31/7/2021,Badminton,19
31/7/2021,Badminton,20
31/7/2021,Badminton,21
1/8/2021,Badminton,13
1/8/2021,Badminton,14
1/8/2021,Badminton,20
1/8/2021,Badminton,21
1/8/2021,Badminton,22
2/8/2021,Badminton,13
2/8/2021,Badminton,14
2/8/2021,Badminton,20
2/8/2021,Badminton,21
21/7/2021,Baseball/Softball,12
21/7/2021,Baseball/Softball,13
21/7/2021,Baseball/Softball,15
21/7/2021,Baseball/Softball,16
21/7/2021,Baseball/Softball,17
21/7/2021,Baseball/Softball,18
21/7/2021,Baseball/Softball,19
22/7/2021,Baseball/Softball,9
22/7/2021,Baseball/Softball,10
22/7/2021,Baseball/Softball,12
22/7/2021,Baseball/Softball,13
22/7/2021,Baseball/Softball,14
22/7/2021,Baseball/Softball,15
22/7/2021,Baseball/Softball,16
24/7/2021,Baseball/Softball,10
24/7/2021,Baseball/Softball,11
24/7/2021,Baseball/Softball,12
24/7/2021,Baseball/Softball,14
24/7/2021,Baseball/Softball,15
24/7/2021,Baseball/Softball,16
24/7/2021,Baseball/Softball,17
24/7/2021,Baseball/Softball,19
24/7/2021,Baseball/Softball,20
25/7/2021,Baseball/Softball,10
25/7/2021,Baseball/Softball,11
25/7/2021,Baseball/Softball,14
25/7/2021,Baseball/Softball,15
25/7/2021,Baseball/Softball,16
25/7/2021,Baseball/Softball,20
25/7/2021,Baseball/Softball,21
26/7/2021,Baseball/Softball,10
26/7/2021,Baseball/Softball,11
26/7/2021,Baseball/Softball,14
26/7/2021,Baseball/Softball,15
26/7/2021,Baseball/Softball,16
26/7/2021,Baseball/Softball,20
26/7/2021,Baseball/Softball,21
27/7/2021,Baseball/Softball,13
27/7/2021,Baseball/Softball,14
27/7/2021,Baseball/Softball,20
27/7/2021,Baseball/Softball,21
28/7/2021,Baseball/Softball,12
28/7/2021,Baseball/Softball,13
28/7/2021,Baseball/Softball,14
28/7/2021,Baseball/Softball,15
29/7/2021,Baseball/Softball,19
29/7/2021,Baseball/Softball,20
29/7/2021,Baseball/Softball,21
29/7/2021,Baseball/Softball,22
30/7/2021,Baseball/Softball,12
30/7/2021,Baseball/Softball,13
30/7/2021,Baseball/Softball,14
30/7/2021,Baseball/Softball,19
30/7/2021,Baseball/Softball,20
30/7/2021,Baseball/Softball,21
31/7/2021,Baseball/Softball,12
31/7/2021,Baseball/Softball,13
31/7/2021,Baseball/Softball,14
31/7/2021,Baseball/Softball,15
31/7/2021,Baseball/Softball,19
31/7/2021,Baseball/Softball,20
31/7/2021,Baseball/Softball,21
1/8/2021,Baseball/Softball,12
1/8/2021,Baseball/Softball,13
1/8/2021,Baseball/Softball,14
1/8/2021,Baseball/Softball,15
1/8/2021,Baseball/Softball,19
1/8/2021,Baseball/Softball,20
1/8/2021,Baseball/Softball,21
1/8/2021,Baseball/Softball,22
2/8/2021,Baseball/Softball,12
2/8/2021,Baseball/Softball,13
2/8/2021,Baseball/Softball,14
2/8/2021,Baseball/Softball,19
2/8/2021,Baseball/Softball,20
2/8/2021,Baseball/Softball,21
2/8/2021,Baseball/Softball,22
3/8/2021,Baseball/Softball,19
3/8/2021,Baseball/Softball,20
3/8/2021,Baseball/Softball,21
4/8/2021,Baseball/Softball,12
4/8/2021,Baseball/Softball,13
4/8/2021,Baseball/Softball,14
4/8/2021,Baseball/Softball,19
4/8/2021,Baseball/Softball,20
4/8/2021,Baseball/Softball,21
4/8/2021,Baseball/Softball,22
5/8/2021,Baseball/Softball,19
5/8/2021,Baseball/Softball,20
5/8/2021,Baseball/Softball,21
5/8/2021,Baseball/Softball,22
7/8/2021,Baseball/Softball,12
7/8/2021,Baseball/Softball,13
7/8/2021,Baseball/Softball,14
7/8/2021,Baseball/Softball,15
7/8/2021,Baseball/Softball,19
7/8/2021,Baseball/Softball,20
7/8/2021,Baseball/Softball,21
25/7/2021,Basketball,10
25/7/2021,Basketball,11
25/7/2021,Basketball,13
25/7/2021,Basketball,14
25/7/2021,Basketball,15
25/7/2021,Basketball,17
25/7/2021,Basketball,18
25/7/2021,Basketball,19
25/7/2021,Basketball,21
25/7/2021,Basketball,22
26/7/2021,Basketball,9
26/7/2021,Basketball,10
26/7/2021,Basketball,11
26/7/2021,Basketball,13
26/7/2021,Basketball,14
26/7/2021,Basketball,15
26/7/2021,Basketball,17
26/7/2021,Basketball,18
26/7/2021,Basketball,19
26/7/2021,Basketball,21
26/7/2021,Basketball,22
27/7/2021,Basketball,10
27/7/2021,Basketball,11
27/7/2021,Basketball,13
27/7/2021,Basketball,14
27/7/2021,Basketball,15
27/7/2021,Basketball,17
27/7/2021,Basketball,18
27/7/2021,Basketball,21
27/7/2021,Basketball,22
28/7/2021,Basketball,10
28/7/2021,Basketball,11
28/7/2021,Basketball,13
28/7/2021,Basketball,14
28/7/2021,Basketball,15
28/7/2021,Basketball,17
28/7/2021,Basketball,18
28/7/2021,Basketball,21
28/7/2021,Basketball,22
29/7/2021,Basketball,10
29/7/2021,Basketball,11
29/7/2021,Basketball,13
29/7/2021,Basketball,14
29/7/2021,Basketball,15
29/7/2021,Basketball,17
29/7/2021,Basketball,18
29/7/2021,Basketball,19
29/7/2021,Basketball,21
29/7/2021,Basketball,22
30/7/2021,Basketball,10
30/7/2021,Basketball,11
30/7/2021,Basketball,13
30/7/2021,Basketball,14
30/7/2021,Basketball,17
30/7/2021,Basketball,18
30/7/2021,Basketball,21
30/7/2021,Basketball,22
31/7/2021,Basketball,10
31/7/2021,Basketball,11
31/7/2021,Basketball,13
31/7/2021,Basketball,14
31/7/2021,Basketball,15
31/7/2021,Basketball,17
31/7/2021,Basketball,18
31/7/2021,Basketball,21
31/7/2021,Basketball,22
1/8/2021,Basketball,10
1/8/2021,Basketball,11
1/8/2021,Basketball,13
1/8/2021,Basketball,14
1/8/2021,Basketball,15
1/8/2021,Basketball,17
1/8/2021,Basketball,18
1/8/2021,Basketball,19
1/8/2021,Basketball,21
1/8/2021,Basketball,22
2/8/2021,Basketball,10
2/8/2021,Basketball,11
2/8/2021,Basketball,13
2/8/2021,Basketball,14
2/8/2021,Basketball,15
2/8/2021,Basketball,17
2/8/2021,Basketball,18
2/8/2021,Basketball,21
2/8/2021,Basketball,22
3/8/2021,Basketball,10
3/8/2021,Basketball,11
3/8/2021,Basketball,13
3/8/2021,Basketball,14
3/8/2021,Basketball,15
3/8/2021,Basketball,17
3/8/2021,Basketball,18
3/8/2021,Basketball,19
3/8/2021,Basketball,21
3/8/2021,Basketball,22
4/8/2021,Basketball,10
4/8/2021,Basketball,11
4/8/2021,Basketball,13
4/8/2021,Basketball,14
4/8/2021,Basketball,15
4/8/2021,Basketball,17
4/8/2021,Basketball,18
4/8/2021,Basketball,21
4/8/2021,Basketball,22
5/8/2021,Basketball,13
5/8/2021,Basketball,14
5/8/2021,Basketball,20
5/8/2021,Basketball,21
6/8/2021,Basketball,13
6/8/2021,Basketball,14
6/8/2021,Basketball,15
6/8/2021,Basketball,20
6/8/2021,Basketball,21
7/8/2021,Basketball,11
7/8/2021,Basketball,12
7/8/2021,Basketball,13
7/8/2021,Basketball,16
7/8/2021,Basketball,17
7/8/2021,Basketball,20
7/8/2021,Basketball,21
8/8/2021,Basketball,11
8/8/2021,Basketball,12
24/7/2021,Beach Volleyball,10
24/7/2021,Beach Volleyball,11
24/7/2021,Beach Volleyball,12
24/7/2021,Beach Volleyball,15
24/7/2021,Beach Volleyball,16
24/7/2021,Beach Volleyball,17
24/7/2021,Beach Volleyball,18
24/7/2021,Beach Volleyball,20
24/7/2021,Beach Volleyball,21
24/7/2021,Beach Volleyball,22
24/7/2021,Beach Volleyball,23
25/7/2021,Beach Volleyball,9
25/7/2021,Beach Volleyball,10
25/7/2021,Beach Volleyball,11
25/7/2021,Beach Volleyball,12
25/7/2021,Beach Volleyball,15
25/7/2021,Beach Volleyball,16
25/7/2021,Beach Volleyball,17
25/7/2021,Beach Volleyball,20
25/7/2021,Beach Volleyball,21
25/7/2021,Beach Volleyball,22
25/7/2021,Beach Volleyball,23
26/7/2021,Beach Volleyball,9
26/7/2021,Beach Volleyball,10
26/7/2021,Beach Volleyball,11
26/7/2021,Beach Volleyball,12
26/7/2021,Beach Volleyball,13
26/7/2021,Beach Volleyball,15
26/7/2021,Beach Volleyball,16
26/7/2021,Beach Volleyball,17
26/7/2021,Beach Volleyball,20
26/7/2021,Beach Volleyball,21
26/7/2021,Beach Volleyball,22
27/7/2021,Beach Volleyball,9
27/7/2021,Beach Volleyball,10
27/7/2021,Beach Volleyball,11
27/7/2021,Beach Volleyball,12
27/7/2021,Beach Volleyball,13
27/7/2021,Beach Volleyball,15
27/7/2021,Beach Volleyball,16
27/7/2021,Beach Volleyball,17
27/7/2021,Beach Volleyball,18
27/7/2021,Beach Volleyball,20
27/7/2021,Beach Volleyball,21
27/7/2021,Beach Volleyball,22
28/7/2021,Beach Volleyball,9
28/7/2021,Beach Volleyball,10
28/7/2021,Beach Volleyball,11
28/7/2021,Beach Volleyball,12
28/7/2021,Beach Volleyball,14
28/7/2021,Beach Volleyball,16
28/7/2021,Beach Volleyball,17
28/7/2021,Beach Volleyball,20
28/7/2021,Beach Volleyball,21
28/7/2021,Beach Volleyball,22
29/7/2021,Beach Volleyball,9
29/7/2021,Beach Volleyball,10
29/7/2021,Beach Volleyball,11
29/7/2021,Beach Volleyball,15
29/7/2021,Beach Volleyball,16
29/7/2021,Beach Volleyball,17
29/7/2021,Beach Volleyball,18
29/7/2021,Beach Volleyball,20
29/7/2021,Beach Volleyball,21
29/7/2021,Beach Volleyball,22
30/7/2021,Beach Volleyball,9
30/7/2021,Beach Volleyball,10
30/7/2021,Beach Volleyball,11
30/7/2021,Beach Volleyball,15
30/7/2021,Beach Volleyball,16
30/7/2021,Beach Volleyball,17
30/7/2021,Beach Volleyball,20
30/7/2021,Beach Volleyball,21
30/7/2021,Beach Volleyball,22
31/7/2021,Beach Volleyball,9
31/7/2021,Beach Volleyball,10
31/7/2021,Beach Volleyball,11
31/7/2021,Beach Volleyball,15
31/7/2021,Beach Volleyball,16
31/7/2021,Beach Volleyball,17
31/7/2021,Beach Volleyball,20
31/7/2021,Beach Volleyball,21
31/7/2021,Beach Volleyball,22
31/7/2021,Beach Volleyball,23
1/8/2021,Beach Volleyball,9
1/8/2021,Beach Volleyball,10
1/8/2021,Beach Volleyball,13
1/8/2021,Beach Volleyball,14
1/8/2021,Beach Volleyball,15
1/8/2021,Beach Volleyball,17
1/8/2021,Beach Volleyball,18
1/8/2021,Beach Volleyball,19
1/8/2021,Beach Volleyball,21
1/8/2021,Beach Volleyball,22
2/8/2021,Beach Volleyball,9
2/8/2021,Beach Volleyball,10
2/8/2021,Beach Volleyball,13
2/8/2021,Beach Volleyball,14
2/8/2021,Beach Volleyball,17
2/8/2021,Beach Volleyball,18
2/8/2021,Beach Volleyball,21
2/8/2021,Beach Volleyball,22
3/8/2021,Beach Volleyball,9
3/8/2021,Beach Volleyball,10
3/8/2021,Beach Volleyball,21
3/8/2021,Beach Volleyball,22
4/8/2021,Beach Volleyball,9
4/8/2021,Beach Volleyball,10
4/8/2021,Beach Volleyball,21
4/8/2021,Beach Volleyball,22
5/8/2021,Beach Volleyball,9
5/8/2021,Beach Volleyball,10
5/8/2021,Beach Volleyball,21
5/8/2021,Beach Volleyball,22
6/8/2021,Beach Volleyball,10
6/8/2021,Beach Volleyball,11
6/8/2021,Beach Volleyball,12
7/8/2021,Beach Volleyball,10
7/8/2021,Beach Volleyball,11
7/8/2021,Beach Volleyball,12
24/7/2021,Boxing,11
24/7/2021,Boxing,12
24/7/2021,Boxing,13
24/7/2021,Boxing,14
24/7/2021,Boxing,17
24/7/2021,Boxing,18
24/7/2021,Boxing,19
24/7/2021,Boxing,20
25/7/2021,Boxing,11
25/7/2021,Boxing,12
25/7/2021,Boxing,13
25/7/2021,Boxing,14
25/7/2021,Boxing,17
25/7/2021,Boxing,18
25/7/2021,Boxing,19
25/7/2021,Boxing,20
25/7/2021,Boxing,21
26/7/2021,Boxing,11
26/7/2021,Boxing,12
26/7/2021,Boxing,13
26/7/2021,Boxing,14
26/7/2021,Boxing,17
26/7/2021,Boxing,18
26/7/2021,Boxing,19
26/7/2021,Boxing,20
27/7/2021,Boxing,11
27/7/2021,Boxing,12
27/7/2021,Boxing,13
27/7/2021,Boxing,14
27/7/2021,Boxing,17
27/7/2021,Boxing,18
27/7/2021,Boxing,19
27/7/2021,Boxing,20
28/7/2021,Boxing,11
28/7/2021,Boxing,12
28/7/2021,Boxing,13
28/7/2021,Boxing,14
28/7/2021,Boxing,17
28/7/2021,Boxing,18
28/7/2021,Boxing,19
28/7/2021,Boxing,20
29/7/2021,Boxing,11
29/7/2021,Boxing,12
29/7/2021,Boxing,13
29/7/2021,Boxing,14
29/7/2021,Boxing,17
29/7/2021,Boxing,18
29/7/2021,Boxing,19
29/7/2021,Boxing,20
30/7/2021,Boxing,11
30/7/2021,Boxing,12
30/7/2021,Boxing,13
30/7/2021,Boxing,14
30/7/2021,Boxing,17
30/7/2021,Boxing,18
30/7/2021,Boxing,19
30/7/2021,Boxing,20
31/7/2021,Boxing,11
31/7/2021,Boxing,12
31/7/2021,Boxing,13
31/7/2021,Boxing,17
31/7/2021,Boxing,18
31/7/2021,Boxing,19
1/8/2021,Boxing,11
1/8/2021,Boxing,12
1/8/2021,Boxing,13
1/8/2021,Boxing,17
1/8/2021,Boxing,18
1/8/2021,Boxing,19
3/8/2021,Boxing,11
3/8/2021,Boxing,12
3/8/2021,Boxing,13
3/8/2021,Boxing,17
3/8/2021,Boxing,18
3/8/2021,Boxing,19
4/8/2021,Boxing,14
4/8/2021,Boxing,15
5/8/2021,Boxing,14
5/8/2021,Boxing,15
6/8/2021,Boxing,14
6/8/2021,Boxing,15
6/8/2021,Boxing,14
7/8/2021,Boxing,14
7/8/2021,Boxing,15
8/8/2021,Boxing,14
8/8/2021,Boxing,15
25/7/2021,Canoe Slalom,13
25/7/2021,Canoe Slalom,14
25/7/2021,Canoe Slalom,15
25/7/2021,Canoe Slalom,16
26/7/2021,Canoe Slalom,14
26/7/2021,Canoe Slalom,15
26/7/2021,Canoe Slalom,16
27/7/2021,Canoe Slalom,14
27/7/2021,Canoe Slalom,15
27/7/2021,Canoe Slalom,16
28/7/2021,Canoe Slalom,12
28/7/2021,Canoe Slalom,13
28/7/2021,Canoe Slalom,14
28/7/2021,Canoe Slalom,15
28/7/2021,Canoe Slalom,16
29/7/2021,Canoe Slalom,14
29/7/2021,Canoe Slalom,15
29/7/2021,Canoe Slalom,16
30/7/2021,Canoe Slalom,14
30/7/2021,Canoe Slalom,16
2/8/2021,Canoe Sprint,9
2/8/2021,Canoe Sprint,10
2/8/2021,Canoe Sprint,11
2/8/2021,Canoe Sprint,12
2/8/2021,Canoe Sprint,13
3/8/2021,Canoe Sprint,9
3/8/2021,Canoe Sprint,10
3/8/2021,Canoe Sprint,11
3/8/2021,Canoe Sprint,12
4/8/2021,Canoe Sprint,9
4/8/2021,Canoe Sprint,10
4/8/2021,Canoe Sprint,11
4/8/2021,Canoe Sprint,12
4/8/2021,Canoe Sprint,13
5/8/2021,Canoe Sprint,9
5/8/2021,Canoe Sprint,10
5/8/2021,Canoe Sprint,11
5/8/2021,Canoe Sprint,12
6/8/2021,Canoe Sprint,9
6/8/2021,Canoe Sprint,10
6/8/2021,Canoe Sprint,11
6/8/2021,Canoe Sprint,12
7/8/2021,Canoe Sprint,9
7/8/2021,Canoe Sprint,10
7/8/2021,Canoe Sprint,11
7/8/2021,Canoe Sprint,12
31/7/2021,Cycling BMX Freestyle,10
31/7/2021,Cycling BMX Freestyle,11
31/7/2021,Cycling BMX Freestyle,12
1/8/2021,Cycling BMX Freestyle,10
1/8/2021,Cycling BMX Freestyle,11
1/8/2021,Cycling BMX Freestyle,12
29/7/2021,Cycling BMX Racing,10
29/7/2021,Cycling BMX Racing,11
30/7/2021,Cycling BMX Racing,10
30/7/2021,Cycling BMX Racing,11
30/7/2021,Cycling BMX Racing,12
26/7/2021,Cycling Mountain Bike,15
26/7/2021,Cycling Mountain Bike,16
27/7/2021,Cycling Mountain Bike,15
27/7/2021,Cycling Mountain Bike,16
24/7/2021,Cycling Road,11
24/7/2021,Cycling Road,12
24/7/2021,Cycling Road,13
24/7/2021,Cycling Road,14
24/7/2021,Cycling Road,15
24/7/2021,Cycling Road,16
24/7/2021,Cycling Road,17
24/7/2021,Cycling Road,18
25/7/2021,Cycling Road,13
25/7/2021,Cycling Road,14
25/7/2021,Cycling Road,15
25/7/2021,Cycling Road,16
25/7/2021,Cycling Road,17
28/7/2021,Cycling Road,11
28/7/2021,Cycling Road,12
28/7/2021,Cycling Road,14
28/7/2021,Cycling Road,15
28/7/2021,Cycling Road,16
28/7/2021,Cycling Road,17
2/8/2021,Cycling Track,15
2/8/2021,Cycling Track,16
2/8/2021,Cycling Track,17
2/8/2021,Cycling Track,18
3/8/2021,Cycling Track,15
3/8/2021,Cycling Track,16
3/8/2021,Cycling Track,17
4/8/2021,Cycling Track,15
4/8/2021,Cycling Track,16
4/8/2021,Cycling Track,17
4/8/2021,Cycling Track,18
4/8/2021,Cycling Track,19
5/8/2021,Cycling Track,15
5/8/2021,Cycling Track,16
5/8/2021,Cycling Track,17
5/8/2021,Cycling Track,18
6/8/2021,Cycling Track,15
6/8/2021,Cycling Track,16
6/8/2021,Cycling Track,17
6/8/2021,Cycling Track,18
6/8/2021,Cycling Track,19
7/8/2021,Cycling Track,15
7/8/2021,Cycling Track,16
7/8/2021,Cycling Track,17
7/8/2021,Cycling Track,18
8/8/2021,Cycling Track,10
8/8/2021,Cycling Track,11
8/8/2021,Cycling Track,12
25/7/2021,Diving,15
26/7/2021,Diving,15
27/7/2021,Diving,15
28/7/2021,Diving,15
30/7/2021,Diving,15
30/7/2021,Diving,16
31/7/2021,Diving,15
31/7/2021,Diving,16
1/8/2021,Diving,15
1/8/2021,Diving,16
2/8/2021,Diving,15
2/8/2021,Diving,16
2/8/2021,Diving,17
3/8/2021,Diving,10
3/8/2021,Diving,11
3/8/2021,Diving,15
3/8/2021,Diving,16
4/8/2021,Diving,16
4/8/2021,Diving,17
5/8/2021,Diving,10
5/8/2021,Diving,11
5/8/2021,Diving,15
5/8/2021,Diving,16
6/8/2021,Diving,16
6/8/2021,Diving,17
7/8/2021,Diving,10
7/8/2021,Diving,11
7/8/2021,Diving,15
7/8/2021,Diving,16
24/7/2021,Equestrian,17
24/7/2021,Equestrian,18
24/7/2021,Equestrian,19
24/7/2021,Equestrian,20
24/7/2021,Equestrian,21
24/7/2021,Equestrian,22
25/7/2021,Equestrian,17
25/7/2021,Equestrian,18
25/7/2021,Equestrian,19
25/7/2021,Equestrian,20
25/7/2021,Equestrian,21
25/7/2021,Equestrian,22
27/7/2021,Equestrian,17
27/7/2021,Equestrian,18
27/7/2021,Equestrian,19
27/7/2021,Equestrian,20
27/7/2021,Equestrian,21
27/7/2021,Equestrian,22
28/7/2021,Equestrian,17
28/7/2021,Equestrian,18
28/7/2021,Equestrian,19
28/7/2021,Equestrian,20
30/7/2021,Equestrian,8
30/7/2021,Equestrian,9
30/7/2021,Equestrian,10
30/7/2021,Equestrian,17
30/7/2021,Equestrian,18
30/7/2021,Equestrian,19
30/7/2021,Equestrian,20
31/7/2021,Equestrian,8
31/7/2021,Equestrian,9
31/7/2021,Equestrian,10
1/8/2021,Equestrian,7
1/8/2021,Equestrian,8
1/8/2021,Equestrian,9
1/8/2021,Equestrian,10
1/8/2021,Equestrian,11
2/8/2021,Equestrian,17
2/8/2021,Equestrian,18
2/8/2021,Equestrian,19
2/8/2021,Equestrian,20
2/8/2021,Equestrian,21
2/8/2021,Equestrian,22
3/8/2021,Equestrian,19
3/8/2021,Equestrian,20
3/8/2021,Equestrian,21
3/8/2021,Equestrian,22
4/8/2021,Equestrian,19
4/8/2021,Equestrian,20
4/8/2021,Equestrian,21
6/8/2021,Equestrian,19
6/8/2021,Equestrian,20
6/8/2021,Equestrian,21
6/8/2021,Equestrian,22
7/8/2021,Equestrian,19
7/8/2021,Equestrian,20
7/8/2021,Equestrian,21
24/7/2021,Fencing,9
24/7/2021,Fencing,10
24/7/2021,Fencing,11
24/7/2021,Fencing,12
24/7/2021,Fencing,13
24/7/2021,Fencing,14
24/7/2021,Fencing,15
24/7/2021,Fencing,16
24/7/2021,Fencing,18
24/7/2021,Fencing,19
24/7/2021,Fencing,20
24/7/2021,Fencing,21
25/7/2021,Fencing,9
25/7/2021,Fencing,10
25/7/2021,Fencing,11
25/7/2021,Fencing,12
25/7/2021,Fencing,13
25/7/2021,Fencing,14
25/7/2021,Fencing,15
25/7/2021,Fencing,16
25/7/2021,Fencing,18
25/7/2021,Fencing,19
25/7/2021,Fencing,20
25/7/2021,Fencing,21
26/7/2021,Fencing,9
26/7/2021,Fencing,10
26/7/2021,Fencing,11
26/7/2021,Fencing,12
26/7/2021,Fencing,13
26/7/2021,Fencing,14
26/7/2021,Fencing,15
26/7/2021,Fencing,16
26/7/2021,Fencing,18
26/7/2021,Fencing,19
26/7/2021,Fencing,20
26/7/2021,Fencing,21
27/7/2021,Fencing,11
27/7/2021,Fencing,12
27/7/2021,Fencing,13
27/7/2021,Fencing,14
27/7/2021,Fencing,15
27/7/2021,Fencing,18
27/7/2021,Fencing,19
27/7/2021,Fencing,20
28/7/2021,Fencing,10
28/7/2021,Fencing,11
28/7/2021,Fencing,12
28/7/2021,Fencing,13
28/7/2021,Fencing,14
28/7/2021,Fencing,15
28/7/2021,Fencing,18
28/7/2021,Fencing,19
28/7/2021,Fencing,20
29/7/2021,Fencing,10
29/7/2021,Fencing,11
29/7/2021,Fencing,12
29/7/2021,Fencing,13
29/7/2021,Fencing,14
29/7/2021,Fencing,15
29/7/2021,Fencing,16
29/7/2021,Fencing,18
29/7/2021,Fencing,19
29/7/2021,Fencing,20
29/7/2021,Fencing,21
30/7/2021,Fencing,10
30/7/2021,Fencing,11
30/7/2021,Fencing,12
30/7/2021,Fencing,13
30/7/2021,Fencing,14
30/7/2021,Fencing,15
30/7/2021,Fencing,18
30/7/2021,Fencing,19
30/7/2021,Fencing,20
31/7/2021,Fencing,10
31/7/2021,Fencing,11
31/7/2021,Fencing,12
31/7/2021,Fencing,13
31/7/2021,Fencing,14
31/7/2021,Fencing,15
31/7/2021,Fencing,18
31/7/2021,Fencing,19
31/7/2021,Fencing,20
1/8/2021,Fencing,9
1/8/2021,Fencing,10
1/8/2021,Fencing,11
1/8/2021,Fencing,12
1/8/2021,Fencing,13
1/8/2021,Fencing,14
1/8/2021,Fencing,15
1/8/2021,Fencing,18
1/8/2021,Fencing,19
1/8/2021,Fencing,20
21/7/2021,Football,16
21/7/2021,Football,17
21/7/2021,Football,18
21/7/2021,Football,19
21/7/2021,Football,20
21/7/2021,Football,21
21/7/2021,Football,22
22/7/2021,Football,16
22/7/2021,Football,17
22/7/2021,Football,18
22/7/2021,Football,19
22/7/2021,Football,20
22/7/2021,Football,21
22/7/2021,Football,22
24/7/2021,Football,16
24/7/2021,Football,17
24/7/2021,Football,18
24/7/2021,Football,19
24/7/2021,Football,20
24/7/2021,Football,21
24/7/2021,Football,22
25/7/2021,Football,16
25/7/2021,Football,17
25/7/2021,Football,18
25/7/2021,Football,19
25/7/2021,Football,20
25/7/2021,Football,21
25/7/2021,Football,22
27/7/2021,Football,17
27/7/2021,Football,18
27/7/2021,Football,20
27/7/2021,Football,21
27/7/2021,Football,22
28/7/2021,Football,17
28/7/2021,Football,18
28/7/2021,Football,19
28/7/2021,Football,20
28/7/2021,Football,21
28/7/2021,Football,22
30/7/2021,Football,17
30/7/2021,Football,18
30/7/2021,Football,19
30/7/2021,Football,20
30/7/2021,Football,21
30/7/2021,Football,22
31/7/2021,Football,17
31/7/2021,Football,18
31/7/2021,Football,19
31/7/2021,Football,20
31/7/2021,Football,21
2/8/2021,Football,17
2/8/2021,Football,18
2/8/2021,Football,20
2/8/2021,Football,21
3/8/2021,Football,17
3/8/2021,Football,18
3/8/2021,Football,19
3/8/2021,Football,20
3/8/2021,Football,21
3/8/2021,Football,22
5/8/2021,Football,17
5/8/2021,Football,18
6/8/2021,Football,18
6/8/2021,Football,19
6/8/2021,Football,21
6/8/2021,Football,22
6/8/2021,Football,23
7/8/2021,Football,20
7/8/2021,Football,21
7/8/2021,Football,22
29/7/2021,Golf,7
29/7/2021,Golf,8
29/7/2021,Golf,9
29/7/2021,Golf,10
29/7/2021,Golf,11
29/7/2021,Golf,12
29/7/2021,Golf,13
29/7/2021,Golf,14
29/7/2021,Golf,15
29/7/2021,Golf,16
29/7/2021,Golf,17
29/7/2021,Golf,18
30/7/2021,Golf,7
30/7/2021,Golf,8
31/7/2021,Golf,9
31/7/2021,Golf,10
31/7/2021,Golf,11
31/7/2021,Golf,12
31/7/2021,Golf,13
31/7/2021,Golf,14
31/7/2021,Golf,15
31/7/2021,Golf,16
1/8/2021,Golf,7
1/8/2021,Golf,8
1/8/2021,Golf,9
1/8/2021,Golf,10
1/8/2021,Golf,11
1/8/2021,Golf,12
1/8/2021,Golf,13
1/8/2021,Golf,14
1/8/2021,Golf,15
1/8/2021,Golf,16
1/8/2021,Golf,17
4/8/2021,Golf,7
4/8/2021,Golf,8
4/8/2021,Golf,9
4/8/2021,Golf,10
4/8/2021,Golf,11
4/8/2021,Golf,12
4/8/2021,Golf,13
4/8/2021,Golf,14
4/8/2021,Golf,15
4/8/2021,Golf,16
5/8/2021,Golf,7
5/8/2021,Golf,8
5/8/2021,Golf,9
5/8/2021,Golf,10
5/8/2021,Golf,11
5/8/2021,Golf,12
5/8/2021,Golf,13
5/8/2021,Golf,14
5/8/2021,Golf,15
5/8/2021,Golf,16
6/8/2021,Golf,7
6/8/2021,Golf,8
6/8/2021,Golf,9
6/8/2021,Golf,10
6/8/2021,Golf,11
6/8/2021,Golf,12
6/8/2021,Golf,13
6/8/2021,Golf,14
7/8/2021,Golf,6
7/8/2021,Golf,7
7/8/2021,Golf,8
7/8/2021,Golf,9
7/8/2021,Golf,10
7/8/2021,Golf,11
7/8/2021,Golf,12
7/8/2021,Golf,13
7/8/2021,Golf,14
24/7/2021,Handball,9
24/7/2021,Handball,10
24/7/2021,Handball,11
24/7/2021,Handball,12
24/7/2021,Handball,14
24/7/2021,Handball,15
24/7/2021,Handball,16
24/7/2021,Handball,17
24/7/2021,Handball,19
24/7/2021,Handball,20
24/7/2021,Handball,21
24/7/2021,Handball,22
25/7/2021,Handball,9
25/7/2021,Handball,10
25/7/2021,Handball,11
25/7/2021,Handball,12
25/7/2021,Handball,14
25/7/2021,Handball,15
25/7/2021,Handball,16
25/7/2021,Handball,17
25/7/2021,Handball,19
25/7/2021,Handball,20
25/7/2021,Handball,21
25/7/2021,Handball,22
26/7/2021,Handball,9
26/7/2021,Handball,10
26/7/2021,Handball,11
26/7/2021,Handball,12
26/7/2021,Handball,14
26/7/2021,Handball,15
26/7/2021,Handball,16
26/7/2021,Handball,17
26/7/2021,Handball,19
26/7/2021,Handball,20
26/7/2021,Handball,21
26/7/2021,Handball,22
27/7/2021,Handball,9
27/7/2021,Handball,10
27/7/2021,Handball,11
27/7/2021,Handball,12
27/7/2021,Handball,14
27/7/2021,Handball,15
27/7/2021,Handball,16
27/7/2021,Handball,17
27/7/2021,Handball,19
27/7/2021,Handball,20
27/7/2021,Handball,21
27/7/2021,Handball,22
28/7/2021,Handball,9
28/7/2021,Handball,10
28/7/2021,Handball,11
28/7/2021,Handball,12
28/7/2021,Handball,14
28/7/2021,Handball,15
28/7/2021,Handball,16
28/7/2021,Handball,17
28/7/2021,Handball,19
28/7/2021,Handball,20
28/7/2021,Handball,21
28/7/2021,Handball,22
29/7/2021,Handball,9
29/7/2021,Handball,10
29/7/2021,Handball,11
29/7/2021,Handball,12
29/7/2021,Handball,14
29/7/2021,Handball,15
29/7/2021,Handball,16
29/7/2021,Handball,17
29/7/2021,Handball,19
29/7/2021,Handball,20
29/7/2021,Handball,21
29/7/2021,Handball,22
30/7/2021,Handball,9
30/7/2021,Handball,10
30/7/2021,Handball,11
30/7/2021,Handball,12
30/7/2021,Handball,14
30/7/2021,Handball,15
30/7/2021,Handball,16
30/7/2021,Handball,17
30/7/2021,Handball,19
30/7/2021,Handball,20
30/7/2021,Handball,21
30/7/2021,Handball,22
31/7/2021,Handball,9
31/7/2021,Handball,10
31/7/2021,Handball,11
31/7/2021,Handball,12
31/7/2021,Handball,14
31/7/2021,Handball,15
31/7/2021,Handball,16
31/7/2021,Handball,17
31/7/2021,Handball,19
31/7/2021,Handball,20
31/7/2021,Handball,21
31/7/2021,Handball,22
1/8/2021,Handball,9
1/8/2021,Handball,10
1/8/2021,Handball,11
1/8/2021,Handball,12
1/8/2021,Handball,14
1/8/2021,Handball,15
1/8/2021,Handball,16
1/8/2021,Handball,17
1/8/2021,Handball,19
1/8/2021,Handball,20
1/8/2021,Handball,21
1/8/2021,Handball,22
2/8/2021,Handball,9
2/8/2021,Handball,10
2/8/2021,Handball,11
2/8/2021,Handball,12
2/8/2021,Handball,14
2/8/2021,Handball,15
2/8/2021,Handball,16
2/8/2021,Handball,17
2/8/2021,Handball,19
2/8/2021,Handball,20
2/8/2021,Handball,21
2/8/2021,Handball,22
3/8/2021,Handball,9
3/8/2021,Handball,10
3/8/2021,Handball,13
3/8/2021,Handball,14
3/8/2021,Handball,17
3/8/2021,Handball,18
3/8/2021,Handball,20
3/8/2021,Handball,21
3/8/2021,Handball,22
4/8/2021,Handball,9
4/8/2021,Handball,10
4/8/2021,Handball,13
4/8/2021,Handball,14
4/8/2021,Handball,17
4/8/2021,Handball,18
4/8/2021,Handball,20
4/8/2021,Handball,21
4/8/2021,Handball,22
5/8/2021,Handball,17
5/8/2021,Handball,18
5/8/2021,Handball,21
5/8/2021,Handball,22
6/8/2021,Handball,17
6/8/2021,Handball,18
6/8/2021,Handball,21
6/8/2021,Handball,22
7/8/2021,Handball,17
7/8/2021,Handball,18
7/8/2021,Handball,21
7/8/2021,Handball,22
8/8/2021,Handball,11
8/8/2021,Handball,12
8/8/2021,Handball,15
8/8/2021,Handball,16
24/7/2021,Hockey,9
24/7/2021,Hockey,10
24/7/2021,Hockey,11
24/7/2021,Hockey,12
24/7/2021,Hockey,13
24/7/2021,Hockey,18
24/7/2021,Hockey,19
24/7/2021,Hockey,20
24/7/2021,Hockey,21
24/7/2021,Hockey,22
25/7/2021,Hockey,9
25/7/2021,Hockey,10
25/7/2021,Hockey,11
25/7/2021,Hockey,12
25/7/2021,Hockey,13
25/7/2021,Hockey,18
25/7/2021,Hockey,19
25/7/2021,Hockey,20
25/7/2021,Hockey,21
25/7/2021,Hockey,22
26/7/2021,Hockey,9
26/7/2021,Hockey,10
26/7/2021,Hockey,11
26/7/2021,Hockey,12
26/7/2021,Hockey,13
26/7/2021,Hockey,18
26/7/2021,Hockey,19
26/7/2021,Hockey,20
26/7/2021,Hockey,22
26/7/2021,Hockey,21
27/7/2021,Hockey,9
27/7/2021,Hockey,10
27/7/2021,Hockey,11
27/7/2021,Hockey,12
27/7/2021,Hockey,13
27/7/2021,Hockey,18
27/7/2021,Hockey,19
27/7/2021,Hockey,20
27/7/2021,Hockey,21
27/7/2021,Hockey,22
28/7/2021,Hockey,9
28/7/2021,Hockey,10
28/7/2021,Hockey,11
28/7/2021,Hockey,12
28/7/2021,Hockey,13
28/7/2021,Hockey,18
28/7/2021,Hockey,19
28/7/2021,Hockey,20
28/7/2021,Hockey,21
28/7/2021,Hockey,22
29/7/2021,Hockey,9
29/7/2021,Hockey,10
29/7/2021,Hockey,11
29/7/2021,Hockey,12
29/7/2021,Hockey,13
29/7/2021,Hockey,18
29/7/2021,Hockey,19
29/7/2021,Hockey,20
29/7/2021,Hockey,21
29/7/2021,Hockey,22
30/7/2021,Hockey,10
30/7/2021,Hockey,11
30/7/2021,Hockey,12
30/7/2021,Hockey,13
30/7/2021,Hockey,14
30/7/2021,Hockey,18
30/7/2021,Hockey,19
30/7/2021,Hockey,20
30/7/2021,Hockey,21
30/7/2021,Hockey,22
31/7/2021,Hockey,9
31/7/2021,Hockey,10
31/7/2021,Hockey,11
31/7/2021,Hockey,12
31/7/2021,Hockey,13
31/7/2021,Hockey,18
31/7/2021,Hockey,19
31/7/2021,Hockey,20
31/7/2021,Hockey,21
31/7/2021,Hockey,22
1/8/2021,Hockey,9
1/8/2021,Hockey,10
1/8/2021,Hockey,11
1/8/2021,Hockey,12
1/8/2021,Hockey,13
1/8/2021,Hockey,18
1/8/2021,Hockey,19
1/8/2021,Hockey,20
1/8/2021,Hockey,21
1/8/2021,Hockey,22
2/8/2021,Hockey,9
2/8/2021,Hockey,10
2/8/2021,Hockey,12
2/8/2021,Hockey,13
2/8/2021,Hockey,18
2/8/2021,Hockey,19
2/8/2021,Hockey,21
2/8/2021,Hockey,22
3/8/2021,Hockey,10
3/8/2021,Hockey,11
3/8/2021,Hockey,12
3/8/2021,Hockey,19
3/8/2021,Hockey,20
4/8/2021,Hockey,10
4/8/2021,Hockey,11
4/8/2021,Hockey,12
4/8/2021,Hockey,19
4/8/2021,Hockey,20
5/8/2021,Hockey,10
5/8/2021,Hockey,11
5/8/2021,Hockey,12
5/8/2021,Hockey,19
5/8/2021,Hockey,20
6/8/2021,Hockey,10
6/8/2021,Hockey,11
6/8/2021,Hockey,12
6/8/2021,Hockey,19
6/8/2021,Hockey,20
24/7/2021,Judo,11
24/7/2021,Judo,12
24/7/2021,Judo,13
24/7/2021,Judo,17
24/7/2021,Judo,18
24/7/2021,Judo,19
25/7/2021,Judo,11
25/7/2021,Judo,12
25/7/2021,Judo,13
25/7/2021,Judo,14
25/7/2021,Judo,17
25/7/2021,Judo,18
25/7/2021,Judo,19
26/7/2021,Judo,11
26/7/2021,Judo,12
26/7/2021,Judo,13
26/7/2021,Judo,14
26/7/2021,Judo,17
26/7/2021,Judo,18
26/7/2021,Judo,19
27/7/2021,Judo,11
27/7/2021,Judo,12
27/7/2021,Judo,13
27/7/2021,Judo,14
27/7/2021,Judo,17
27/7/2021,Judo,18
27/7/2021,Judo,19
28/7/2021,Judo,11
28/7/2021,Judo,12
28/7/2021,Judo,13
28/7/2021,Judo,14
28/7/2021,Judo,17
28/7/2021,Judo,18
28/7/2021,Judo,19
28/7/2021,Judo,20
29/7/2021,Judo,11
29/7/2021,Judo,12
29/7/2021,Judo,13
29/7/2021,Judo,17
29/7/2021,Judo,18
29/7/2021,Judo,19
30/7/2021,Judo,11
30/7/2021,Judo,12
30/7/2021,Judo,13
30/7/2021,Judo,17
30/7/2021,Judo,18
31/7/2021,Judo,11
31/7/2021,Judo,12
31/7/2021,Judo,13
31/7/2021,Judo,17
5/8/2021,Karate,10
5/8/2021,Karate,11
5/8/2021,Karate,12
5/8/2021,Karate,13
5/8/2021,Karate,14
5/8/2021,Karate,15
5/8/2021,Karate,17
5/8/2021,Karate,18
5/8/2021,Karate,19
5/8/2021,Karate,20
5/8/2021,Karate,21
6/8/2021,Karate,10
6/8/2021,Karate,11
6/8/2021,Karate,12
6/8/2021,Karate,13
6/8/2021,Karate,14
6/8/2021,Karate,15
6/8/2021,Karate,17
6/8/2021,Karate,18
6/8/2021,Karate,19
6/8/2021,Karate,20
6/8/2021,Karate,21
7/8/2021,Karate,14
7/8/2021,Karate,15
7/8/2021,Karate,16
7/8/2021,Karate,17
7/8/2021,Karate,18
7/8/2021,Karate,19
7/8/2021,Karate,20
7/8/2021,Karate,21
4/8/2021,Marathon Swimming,6
4/8/2021,Marathon Swimming,7
4/8/2021,Marathon Swimming,8
5/8/2021,Marathon Swimming,6
5/8/2021,Marathon Swimming,7
5/8/2021,Marathon Swimming,8
5/8/2021,Modern Pentathlon,13
5/8/2021,Modern Pentathlon,14
5/8/2021,Modern Pentathlon,15
5/8/2021,Modern Pentathlon,16
5/8/2021,Modern Pentathlon,17
5/8/2021,Modern Pentathlon,18
6/8/2021,Modern Pentathlon,14
6/8/2021,Modern Pentathlon,15
6/8/2021,Modern Pentathlon,16
6/8/2021,Modern Pentathlon,19
6/8/2021,Modern Pentathlon,20
7/8/2021,Modern Pentathlon,14
7/8/2021,Modern Pentathlon,15
7/8/2021,Modern Pentathlon,16
7/8/2021,Modern Pentathlon,17
7/8/2021,Modern Pentathlon,18
7/8/2021,Modern Pentathlon,19
6/8/2021,Rhythmic Gymnastics,10
6/8/2021,Rhythmic Gymnastics,11
6/8/2021,Rhythmic Gymnastics,12
6/8/2021,Rhythmic Gymnastics,13
6/8/2021,Rhythmic Gymnastics,14
6/8/2021,Rhythmic Gymnastics,15
6/8/2021,Rhythmic Gymnastics,16
6/8/2021,Rhythmic Gymnastics,17
7/8/2021,Rhythmic Gymnastics,10
7/8/2021,Rhythmic Gymnastics,11
7/8/2021,Rhythmic Gymnastics,12
7/8/2021,Rhythmic Gymnastics,15
7/8/2021,Rhythmic Gymnastics,16
7/8/2021,Rhythmic Gymnastics,17
8/8/2021,Rhythmic Gymnastics,11
23/7/2021,Rowing,8
23/7/2021,Rowing,9
23/7/2021,Rowing,10
23/7/2021,Rowing,11
23/7/2021,Rowing,12
24/7/2021,Rowing,8
24/7/2021,Rowing,9
24/7/2021,Rowing,10
24/7/2021,Rowing,11
24/7/2021,Rowing,12
25/7/2021,Rowing,9
25/7/2021,Rowing,10
25/7/2021,Rowing,11
25/7/2021,Rowing,12
25/7/2021,Rowing,13
28/7/2021,Rowing,8
28/7/2021,Rowing,9
28/7/2021,Rowing,10
28/7/2021,Rowing,11
28/7/2021,Rowing,12
29/7/2021,Rowing,8
29/7/2021,Rowing,9
29/7/2021,Rowing,10
29/7/2021,Rowing,11
29/7/2021,Rowing,12
30/7/2021,Rowing,7
30/7/2021,Rowing,8
30/7/2021,Rowing,9
30/7/2021,Rowing,10
26/7/2021,Rugby Sevens,9
26/7/2021,Rugby Sevens,10
26/7/2021,Rugby Sevens,11
26/7/2021,Rugby Sevens,16
26/7/2021,Rugby Sevens,17
26/7/2021,Rugby Sevens,18
26/7/2021,Rugby Sevens,19
27/7/2021,Rugby Sevens,9
27/7/2021,Rugby Sevens,10
27/7/2021,Rugby Sevens,11
27/7/2021,Rugby Sevens,16
27/7/2021,Rugby Sevens,17
27/7/2021,Rugby Sevens,18
27/7/2021,Rugby Sevens,19
28/7/2021,Rugby Sevens,9
28/7/2021,Rugby Sevens,10
28/7/2021,Rugby Sevens,11
28/7/2021,Rugby Sevens,16
28/7/2021,Rugby Sevens,17
28/7/2021,Rugby Sevens,18
29/7/2021,Rugby Sevens,9
29/7/2021,Rugby Sevens,10
29/7/2021,Rugby Sevens,11
29/7/2021,Rugby Sevens,16
29/7/2021,Rugby Sevens,17
29/7/2021,Rugby Sevens,18
29/7/2021,Rugby Sevens,19
30/7/2021,Rugby Sevens,9
30/7/2021,Rugby Sevens,10
30/7/2021,Rugby Sevens,11
30/7/2021,Rugby Sevens,13
30/7/2021,Rugby Sevens,16
30/7/2021,Rugby Sevens,17
30/7/2021,Rugby Sevens,18
30/7/2021,Rugby Sevens,19
31/7/2021,Rugby Sevens,9
31/7/2021,Rugby Sevens,10
31/7/2021,Rugby Sevens,11
31/7/2021,Rugby Sevens,16
31/7/2021,Rugby Sevens,17
31/7/2021,Rugby Sevens,18
25/7/2021,Sailing,12
25/7/2021,Sailing,13
25/7/2021,Sailing,14
25/7/2021,Sailing,15
25/7/2021,Sailing,16
25/7/2021,Sailing,17
26/7/2021,Sailing,12
26/7/2021,Sailing,13
26/7/2021,Sailing,14
26/7/2021,Sailing,15
26/7/2021,Sailing,16
26/7/2021,Sailing,17
27/7/2021,Sailing,12
27/7/2021,Sailing,13
27/7/2021,Sailing,14
27/7/2021,Sailing,16
27/7/2021,Sailing,17
28/7/2021,Sailing,12
28/7/2021,Sailing,13
28/7/2021,Sailing,14
28/7/2021,Sailing,15
28/7/2021,Sailing,16
28/7/2021,Sailing,17
29/7/2021,Sailing,12
29/7/2021,Sailing,13
29/7/2021,Sailing,14
29/7/2021,Sailing,15
29/7/2021,Sailing,16
29/7/2021,Sailing,17
30/7/2021,Sailing,12
30/7/2021,Sailing,13
30/7/2021,Sailing,14
30/7/2021,Sailing,15
30/7/2021,Sailing,16
30/7/2021,Sailing,17
31/7/2021,Sailing,13
31/7/2021,Sailing,14
31/7/2021,Sailing,15
31/7/2021,Sailing,16
31/7/2021,Sailing,17
1/8/2021,Sailing,12
1/8/2021,Sailing,13
1/8/2021,Sailing,14
1/8/2021,Sailing,15
1/8/2021,Sailing,16
3/8/2021,Sailing,12
3/8/2021,Sailing,13
3/8/2021,Sailing,14
3/8/2021,Sailing,15
4/8/2021,Sailing,14
4/8/2021,Sailing,15
24/7/2021,Shooting,8
24/7/2021,Shooting,9
24/7/2021,Shooting,10
24/7/2021,Shooting,11
24/7/2021,Shooting,13
24/7/2021,Shooting,14
24/7/2021,Shooting,15
24/7/2021,Shooting,16
25/7/2021,Shooting,9
25/7/2021,Shooting,10
25/7/2021,Shooting,11
25/7/2021,Shooting,12
25/7/2021,Shooting,13
25/7/2021,Shooting,14
25/7/2021,Shooting,15
25/7/2021,Shooting,16
26/7/2021,Shooting,9
26/7/2021,Shooting,10
26/7/2021,Shooting,11
26/7/2021,Shooting,12
26/7/2021,Shooting,13
26/7/2021,Shooting,14
26/7/2021,Shooting,15
26/7/2021,Shooting,16
27/7/2021,Shooting,9
27/7/2021,Shooting,10
27/7/2021,Shooting,11
27/7/2021,Shooting,13
27/7/2021,Shooting,14
27/7/2021,Shooting,15
27/7/2021,Shooting,16
28/7/2021,Shooting,9
28/7/2021,Shooting,10
28/7/2021,Shooting,11
28/7/2021,Shooting,12
28/7/2021,Shooting,13
28/7/2021,Shooting,14
28/7/2021,Shooting,15
29/7/2021,Shooting,9
29/7/2021,Shooting,10
29/7/2021,Shooting,11
29/7/2021,Shooting,12
29/7/2021,Shooting,13
29/7/2021,Shooting,14
29/7/2021,Shooting,15
29/7/2021,Shooting,16
30/7/2021,Shooting,9
30/7/2021,Shooting,10
30/7/2021,Shooting,11
30/7/2021,Shooting,12
30/7/2021,Shooting,13
30/7/2021,Shooting,14
31/7/2021,Shooting,9
31/7/2021,Shooting,10
31/7/2021,Shooting,11
31/7/2021,Shooting,12
31/7/2021,Shooting,13
31/7/2021,Shooting,14
31/7/2021,Shooting,15
31/7/2021,Shooting,16
1/8/2021,Shooting,8
1/8/2021,Shooting,9
1/8/2021,Shooting,10
1/8/2021,Shooting,11
1/8/2021,Shooting,12
1/8/2021,Shooting,13
2/8/2021,Shooting,8
2/8/2021,Shooting,9
2/8/2021,Shooting,10
2/8/2021,Shooting,11
2/8/2021,Shooting,12
2/8/2021,Shooting,13
2/8/2021,Shooting,14
2/8/2021,Shooting,15
2/8/2021,Shooting,16
2/8/2021,Shooting,17
25/7/2021,Skateboarding,10
25/7/2021,Skateboarding,11
25/7/2021,Skateboarding,12
25/7/2021,Skateboarding,13
26/7/2021,Skateboarding,10
26/7/2021,Skateboarding,11
26/7/2021,Skateboarding,12
26/7/2021,Skateboarding,13
4/8/2021,Skateboarding,9
4/8/2021,Skateboarding,10
4/8/2021,Skateboarding,11
4/8/2021,Skateboarding,12
4/8/2021,Skateboarding,13
5/8/2021,Skateboarding,9
5/8/2021,Skateboarding,12
5/8/2021,Skateboarding,13
3/8/2021,Sport Climbing,17
3/8/2021,Sport Climbing,18
3/8/2021,Sport Climbing,19
3/8/2021,Sport Climbing,20
3/8/2021,Sport Climbing,21
3/8/2021,Sport Climbing,22
4/8/2021,Sport Climbing,17
4/8/2021,Sport Climbing,18
4/8/2021,Sport Climbing,19
4/8/2021,Sport Climbing,20
4/8/2021,Sport Climbing,21
4/8/2021,Sport Climbing,22
5/8/2021,Sport Climbing,17
5/8/2021,Sport Climbing,18
5/8/2021,Sport Climbing,19
5/8/2021,Sport Climbing,20
5/8/2021,Sport Climbing,21
5/8/2021,Sport Climbing,22
6/8/2021,Sport Climbing,17
6/8/2021,Sport Climbing,18
6/8/2021,Sport Climbing,19
6/8/2021,Sport Climbing,20
6/8/2021,Sport Climbing,21
25/7/2021,Surfing,7
25/7/2021,Surfing,8
25/7/2021,Surfing,9
25/7/2021,Surfing,10
25/7/2021,Surfing,11
25/7/2021,Surfing,12
25/7/2021,Surfing,13
25/7/2021,Surfing,14
25/7/2021,Surfing,15
25/7/2021,Surfing,16
26/7/2021,Surfing,7
26/7/2021,Surfing,8
26/7/2021,Surfing,9
26/7/2021,Surfing,10
26/7/2021,Surfing,11
26/7/2021,Surfing,12
26/7/2021,Surfing,14
26/7/2021,Surfing,15
26/7/2021,Surfing,16
26/7/2021,Surfing,17
27/7/2021,Surfing,7
27/7/2021,Surfing,8
27/7/2021,Surfing,9
27/7/2021,Surfing,10
27/7/2021,Surfing,11
27/7/2021,Surfing,12
27/7/2021,Surfing,13
27/7/2021,Surfing,14
27/7/2021,Surfing,15
27/7/2021,Surfing,16
27/7/2021,Surfing,17
24/7/2021,Swimming,19
24/7/2021,Swimming,20
24/7/2021,Swimming,21
25/7/2021,Swimming,10
25/7/2021,Swimming,11
25/7/2021,Swimming,19
25/7/2021,Swimming,20
25/7/2021,Swimming,21
26/7/2021,Swimming,10
26/7/2021,Swimming,11
26/7/2021,Swimming,12
26/7/2021,Swimming,19
26/7/2021,Swimming,20
26/7/2021,Swimming,21
27/7/2021,Swimming,10
27/7/2021,Swimming,11
27/7/2021,Swimming,12
27/7/2021,Swimming,19
27/7/2021,Swimming,20
27/7/2021,Swimming,21
28/7/2021,Swimming,10
28/7/2021,Swimming,11
28/7/2021,Swimming,12
28/7/2021,Swimming,19
28/7/2021,Swimming,20
29/7/2021,Swimming,10
29/7/2021,Swimming,11
29/7/2021,Swimming,12
29/7/2021,Swimming,19
29/7/2021,Swimming,20
30/7/2021,Swimming,10
30/7/2021,Swimming,11
30/7/2021,Swimming,19
30/7/2021,Swimming,20
30/7/2021,Swimming,21
30/7/2021,Swimming,22
31/7/2021,Swimming,10
31/7/2021,Swimming,11
1/8/2021,Swimming,10
1/8/2021,Swimming,11
24/7/2021,Table Tennis,9
24/7/2021,Table Tennis,10
24/7/2021,Table Tennis,11
24/7/2021,Table Tennis,12
24/7/2021,Table Tennis,14
24/7/2021,Table Tennis,15
24/7/2021,Table Tennis,16
24/7/2021,Table Tennis,17
24/7/2021,Table Tennis,19
24/7/2021,Table Tennis,20
24/7/2021,Table Tennis,21
24/7/2021,Table Tennis,22
25/7/2021,Table Tennis,10
25/7/2021,Table Tennis,11
25/7/2021,Table Tennis,12
25/7/2021,Table Tennis,14
25/7/2021,Table Tennis,15
25/7/2021,Table Tennis,16
25/7/2021,Table Tennis,17
25/7/2021,Table Tennis,18
25/7/2021,Table Tennis,19
25/7/2021,Table Tennis,20
25/7/2021,Table Tennis,21
26/7/2021,Table Tennis,10
26/7/2021,Table Tennis,11
26/7/2021,Table Tennis,12
26/7/2021,Table Tennis,13
26/7/2021,Table Tennis,14
26/7/2021,Table Tennis,15
26/7/2021,Table Tennis,16
26/7/2021,Table Tennis,17
26/7/2021,Table Tennis,10
26/7/2021,Table Tennis,11
26/7/2021,Table Tennis,12
27/7/2021,Table Tennis,13
27/7/2021,Table Tennis,14
27/7/2021,Table Tennis,15
27/7/2021,Table Tennis,16
27/7/2021,Table Tennis,17
27/7/2021,Table Tennis,19
27/7/2021,Table Tennis,20
27/7/2021,Table Tennis,21
27/7/2021,Table Tennis,22
28/7/2021,Table Tennis,10
28/7/2021,Table Tennis,11
28/7/2021,Table Tennis,13
28/7/2021,Table Tennis,15
28/7/2021,Table Tennis,16
28/7/2021,Table Tennis,17
28/7/2021,Table Tennis,20
28/7/2021,Table Tennis,21
29/7/2021,Table Tennis,11
29/7/2021,Table Tennis,12
29/7/2021,Table Tennis,15
29/7/2021,Table Tennis,16
29/7/2021,Table Tennis,17
29/7/2021,Table Tennis,20
29/7/2021,Table Tennis,21
29/7/2021,Table Tennis,22
30/7/2021,Table Tennis,20
30/7/2021,Table Tennis,21
30/7/2021,Table Tennis,22
1/8/2021,Table Tennis,10
1/8/2021,Table Tennis,11
1/8/2021,Table Tennis,12
1/8/2021,Table Tennis,14
1/8/2021,Table Tennis,15
1/8/2021,Table Tennis,16
1/8/2021,Table Tennis,19
1/8/2021,Table Tennis,20
1/8/2021,Table Tennis,21
2/8/2021,Table Tennis,10
2/8/2021,Table Tennis,11
2/8/2021,Table Tennis,12
2/8/2021,Table Tennis,14
2/8/2021,Table Tennis,15
2/8/2021,Table Tennis,16
2/8/2021,Table Tennis,19
2/8/2021,Table Tennis,20
2/8/2021,Table Tennis,21
3/8/2021,Table Tennis,10
3/8/2021,Table Tennis,11
3/8/2021,Table Tennis,12
3/8/2021,Table Tennis,13
3/8/2021,Table Tennis,14
3/8/2021,Table Tennis,15
3/8/2021,Table Tennis,16
3/8/2021,Table Tennis,17
3/8/2021,Table Tennis,19
3/8/2021,Table Tennis,20
3/8/2021,Table Tennis,21
4/8/2021,Table Tennis,10
4/8/2021,Table Tennis,11
4/8/2021,Table Tennis,14
4/8/2021,Table Tennis,15
4/8/2021,Table Tennis,16
4/8/2021,Table Tennis,19
4/8/2021,Table Tennis,20
4/8/2021,Table Tennis,21
4/8/2021,Table Tennis,22
5/8/2021,Table Tennis,11
5/8/2021,Table Tennis,12
5/8/2021,Table Tennis,13
5/8/2021,Table Tennis,19
5/8/2021,Table Tennis,20
5/8/2021,Table Tennis,21
6/8/2021,Table Tennis,11
6/8/2021,Table Tennis,12
6/8/2021,Table Tennis,13
6/8/2021,Table Tennis,19
6/8/2021,Table Tennis,20
6/8/2021,Table Tennis,21
24/7/2021,Taekwondo,10
24/7/2021,Taekwondo,11
24/7/2021,Taekwondo,12
24/7/2021,Taekwondo,13
24/7/2021,Taekwondo,14
24/7/2021,Taekwondo,15
24/7/2021,Taekwondo,16
24/7/2021,Taekwondo,19
24/7/2021,Taekwondo,20
24/7/2021,Taekwondo,21
25/7/2021,Taekwondo,10
25/7/2021,Taekwondo,11
25/7/2021,Taekwondo,12
25/7/2021,Taekwondo,13
25/7/2021,Taekwondo,14
26/7/2021,Taekwondo,10
26/7/2021,Taekwondo,11
26/7/2021,Taekwondo,12
26/7/2021,Taekwondo,13
26/7/2021,Taekwondo,14
26/7/2021,Taekwondo,15
26/7/2021,Taekwondo,16
26/7/2021,Taekwondo,17
26/7/2021,Taekwondo,18
26/7/2021,Taekwondo,19
26/7/2021,Taekwondo,20
26/7/2021,Taekwondo,21
27/7/2021,Taekwondo,10
27/7/2021,Taekwondo,11
27/7/2021,Taekwondo,12
27/7/2021,Taekwondo,13
27/7/2021,Taekwondo,14
27/7/2021,Taekwondo,15
27/7/2021,Taekwondo,16
27/7/2021,Taekwondo,19
27/7/2021,Taekwondo,20
27/7/2021,Taekwondo,21
24/7/2021,Tennis,11
24/7/2021,Tennis,12
24/7/2021,Tennis,13
24/7/2021,Tennis,14
24/7/2021,Tennis,15
24/7/2021,Tennis,16
24/7/2021,Tennis,17
24/7/2021,Tennis,18
24/7/2021,Tennis,19
24/7/2021,Tennis,20
25/7/2021,Tennis,11
25/7/2021,Tennis,12
25/7/2021,Tennis,13
25/7/2021,Tennis,14
25/7/2021,Tennis,15
25/7/2021,Tennis,16
25/7/2021,Tennis,17
25/7/2021,Tennis,18
25/7/2021,Tennis,19
25/7/2021,Tennis,20
25/7/2021,Tennis,21
26/7/2021,Tennis,11
26/7/2021,Tennis,12
26/7/2021,Tennis,13
26/7/2021,Tennis,14
26/7/2021,Tennis,15
26/7/2021,Tennis,16
26/7/2021,Tennis,17
26/7/2021,Tennis,18
26/7/2021,Tennis,19
27/7/2021,Tennis,11
27/7/2021,Tennis,12
27/7/2021,Tennis,13
27/7/2021,Tennis,14
27/7/2021,Tennis,15
27/7/2021,Tennis,16
27/7/2021,Tennis,17
27/7/2021,Tennis,18
27/7/2021,Tennis,19
27/7/2021,Tennis,20
28/7/2021,Tennis,11
28/7/2021,Tennis,12
28/7/2021,Tennis,13
28/7/2021,Tennis,14
28/7/2021,Tennis,15
28/7/2021,Tennis,16
28/7/2021,Tennis,17
28/7/2021,Tennis,18
28/7/2021,Tennis,19
28/7/2021,Tennis,20
28/7/2021,Tennis,21
28/7/2021,Tennis,22
29/7/2021,Tennis,15
29/7/2021,Tennis,16
29/7/2021,Tennis,17
29/7/2021,Tennis,18
29/7/2021,Tennis,19
29/7/2021,Tennis,20
29/7/2021,Tennis,21
29/7/2021,Tennis,22
30/7/2021,Tennis,15
30/7/2021,Tennis,16
30/7/2021,Tennis,17
30/7/2021,Tennis,18
30/7/2021,Tennis,19
30/7/2021,Tennis,20
30/7/2021,Tennis,21
31/7/2021,Tennis,15
31/7/2021,Tennis,16
31/7/2021,Tennis,17
31/7/2021,Tennis,18
31/7/2021,Tennis,19
31/7/2021,Tennis,20
31/7/2021,Tennis,21
31/7/2021,Tennis,22
31/7/2021,Tennis,23
1/8/2021,Tennis,15
1/8/2021,Tennis,16
1/8/2021,Tennis,17
1/8/2021,Tennis,18
1/8/2021,Tennis,19
1/8/2021,Tennis,20
1/8/2021,Tennis,21
30/7/2021,Trampoline Gymnastics,14
30/7/2021,Trampoline Gymnastics,15
31/7/2021,Trampoline Gymnastics,14
31/7/2021,Trampoline Gymnastics,15
26/7/2021,Triathlon,6
26/7/2021,Triathlon,7
26/7/2021,Triathlon,8
27/7/2021,Triathlon,6
27/7/2021,Triathlon,7
27/7/2021,Triathlon,8
31/7/2021,Triathlon,7
31/7/2021,Triathlon,8
24/7/2021,Volleyball,9
24/7/2021,Volleyball,10
24/7/2021,Volleyball,11
24/7/2021,Volleyball,12
24/7/2021,Volleyball,13
24/7/2021,Volleyball,14
24/7/2021,Volleyball,15
24/7/2021,Volleyball,16
24/7/2021,Volleyball,17
24/7/2021,Volleyball,18
24/7/2021,Volleyball,19
24/7/2021,Volleyball,20
24/7/2021,Volleyball,21
24/7/2021,Volleyball,22
24/7/2021,Volleyball,23
24/7/2021,Volleyball,24
25/7/2021,Volleyball,9
25/7/2021,Volleyball,10
25/7/2021,Volleyball,11
25/7/2021,Volleyball,12
25/7/2021,Volleyball,14
25/7/2021,Volleyball,15
25/7/2021,Volleyball,16
25/7/2021,Volleyball,17
25/7/2021,Volleyball,19
25/7/2021,Volleyball,20
25/7/2021,Volleyball,21
25/7/2021,Volleyball,22
25/7/2021,Volleyball,23
26/7/2021,Volleyball,9
26/7/2021,Volleyball,10
26/7/2021,Volleyball,11
26/7/2021,Volleyball,12
26/7/2021,Volleyball,13
26/7/2021,Volleyball,14
26/7/2021,Volleyball,15
26/7/2021,Volleyball,16
26/7/2021,Volleyball,17
26/7/2021,Volleyball,19
26/7/2021,Volleyball,20
26/7/2021,Volleyball,21
26/7/2021,Volleyball,22
26/7/2021,Volleyball,23
26/7/2021,Volleyball,24
27/7/2021,Volleyball,9
27/7/2021,Volleyball,10
27/7/2021,Volleyball,11
27/7/2021,Volleyball,12
27/7/2021,Volleyball,14
27/7/2021,Volleyball,15
27/7/2021,Volleyball,16
27/7/2021,Volleyball,17
27/7/2021,Volleyball,18
27/7/2021,Volleyball,19
27/7/2021,Volleyball,20
27/7/2021,Volleyball,21
27/7/2021,Volleyball,22
27/7/2021,Volleyball,23
27/7/2021,Volleyball,24
28/7/2021,Volleyball,9
28/7/2021,Volleyball,10
28/7/2021,Volleyball,11
28/7/2021,Volleyball,12
28/7/2021,Volleyball,13
28/7/2021,Volleyball,14
28/7/2021,Volleyball,15
28/7/2021,Volleyball,16
28/7/2021,Volleyball,17
28/7/2021,Volleyball,18
28/7/2021,Volleyball,19
28/7/2021,Volleyball,20
28/7/2021,Volleyball,21
28/7/2021,Volleyball,22
28/7/2021,Volleyball,23
29/7/2021,Volleyball,9
29/7/2021,Volleyball,10
29/7/2021,Volleyball,11
29/7/2021,Volleyball,12
29/7/2021,Volleyball,13
29/7/2021,Volleyball,14
29/7/2021,Volleyball,15
29/7/2021,Volleyball,16
29/7/2021,Volleyball,17
29/7/2021,Volleyball,18
29/7/2021,Volleyball,19
29/7/2021,Volleyball,20
29/7/2021,Volleyball,21
29/7/2021,Volleyball,22
29/7/2021,Volleyball,23
30/7/2021,Volleyball,9
30/7/2021,Volleyball,10
30/7/2021,Volleyball,11
30/7/2021,Volleyball,12
30/7/2021,Volleyball,13
30/7/2021,Volleyball,14
30/7/2021,Volleyball,15
30/7/2021,Volleyball,16
30/7/2021,Volleyball,17
30/7/2021,Volleyball,18
30/7/2021,Volleyball,19
30/7/2021,Volleyball,20
30/7/2021,Volleyball,21
30/7/2021,Volleyball,22
30/7/2021,Volleyball,23
30/7/2021,Volleyball,24
31/7/2021,Volleyball,9
31/7/2021,Volleyball,10
31/7/2021,Volleyball,11
31/7/2021,Volleyball,12
31/7/2021,Volleyball,14
31/7/2021,Volleyball,15
31/7/2021,Volleyball,16
31/7/2021,Volleyball,17
31/7/2021,Volleyball,18
31/7/2021,Volleyball,19
31/7/2021,Volleyball,20
31/7/2021,Volleyball,21
31/7/2021,Volleyball,22
31/7/2021,Volleyball,23
31/7/2021,Volleyball,24
1/8/2021,Volleyball,9
1/8/2021,Volleyball,10
1/8/2021,Volleyball,11
1/8/2021,Volleyball,12
1/8/2021,Volleyball,13
1/8/2021,Volleyball,14
1/8/2021,Volleyball,15
1/8/2021,Volleyball,16
1/8/2021,Volleyball,17
1/8/2021,Volleyball,19
1/8/2021,Volleyball,20
1/8/2021,Volleyball,21
1/8/2021,Volleyball,22
1/8/2021,Volleyball,23
1/8/2021,Volleyball,24
2/8/2021,Volleyball,9
2/8/2021,Volleyball,10
2/8/2021,Volleyball,11
2/8/2021,Volleyball,12
2/8/2021,Volleyball,13
2/8/2021,Volleyball,14
2/8/2021,Volleyball,15
2/8/2021,Volleyball,16
2/8/2021,Volleyball,17
2/8/2021,Volleyball,18
2/8/2021,Volleyball,19
2/8/2021,Volleyball,20
2/8/2021,Volleyball,21
2/8/2021,Volleyball,22
2/8/2021,Volleyball,23
3/8/2021,Volleyball,9
3/8/2021,Volleyball,10
3/8/2021,Volleyball,13
3/8/2021,Volleyball,14
3/8/2021,Volleyball,17
3/8/2021,Volleyball,18
3/8/2021,Volleyball,19
3/8/2021,Volleyball,21
3/8/2021,Volleyball,22
3/8/2021,Volleyball,23
4/8/2021,Volleyball,9
4/8/2021,Volleyball,10
4/8/2021,Volleyball,11
4/8/2021,Volleyball,13
4/8/2021,Volleyball,14
4/8/2021,Volleyball,17
4/8/2021,Volleyball,18
4/8/2021,Volleyball,21
4/8/2021,Volleyball,22
4/8/2021,Volleyball,23
5/8/2021,Volleyball,13
5/8/2021,Volleyball,14
5/8/2021,Volleyball,15
5/8/2021,Volleyball,21
5/8/2021,Volleyball,22
6/8/2021,Volleyball,13
6/8/2021,Volleyball,14
6/8/2021,Volleyball,21
6/8/2021,Volleyball,22
7/8/2021,Volleyball,13
7/8/2021,Volleyball,14
7/8/2021,Volleyball,15
7/8/2021,Volleyball,21
7/8/2021,Volleyball,22
7/8/2021,Volleyball,23
8/8/2021,Volleyball,9
8/8/2021,Volleyball,10
8/8/2021,Volleyball,13
8/8/2021,Volleyball,14
24/7/2021,Water Polo,14
24/7/2021,Water Polo,15
24/7/2021,Water Polo,16
24/7/2021,Water Polo,18
24/7/2021,Water Polo,19
24/7/2021,Water Polo,20
25/7/2021,Water Polo,10
25/7/2021,Water Polo,11
25/7/2021,Water Polo,12
25/7/2021,Water Polo,14
25/7/2021,Water Polo,15
25/7/2021,Water Polo,16
25/7/2021,Water Polo,18
25/7/2021,Water Polo,19
25/7/2021,Water Polo,20
26/7/2021,Water Polo,14
26/7/2021,Water Polo,15
26/7/2021,Water Polo,16
26/7/2021,Water Polo,18
26/7/2021,Water Polo,19
26/7/2021,Water Polo,20
27/7/2021,Water Polo,10
27/7/2021,Water Polo,11
27/7/2021,Water Polo,12
27/7/2021,Water Polo,14
27/7/2021,Water Polo,15
27/7/2021,Water Polo,16
27/7/2021,Water Polo,18
27/7/2021,Water Polo,19
27/7/2021,Water Polo,20
28/7/2021,Water Polo,14
28/7/2021,Water Polo,15
28/7/2021,Water Polo,16
28/7/2021,Water Polo,18
28/7/2021,Water Polo,19
28/7/2021,Water Polo,20
29/7/2021,Water Polo,10
29/7/2021,Water Polo,11
29/7/2021,Water Polo,12
29/7/2021,Water Polo,14
29/7/2021,Water Polo,15
29/7/2021,Water Polo,16
29/7/2021,Water Polo,18
29/7/2021,Water Polo,19
29/7/2021,Water Polo,20
30/7/2021,Water Polo,14
30/7/2021,Water Polo,15
30/7/2021,Water Polo,16
30/7/2021,Water Polo,18
30/7/2021,Water Polo,19
30/7/2021,Water Polo,20
31/7/2021,Water Polo,10
31/7/2021,Water Polo,11
31/7/2021,Water Polo,12
31/7/2021,Water Polo,14
31/7/2021,Water Polo,15
31/7/2021,Water Polo,16
31/7/2021,Water Polo,18
31/7/2021,Water Polo,19
31/7/2021,Water Polo,20
1/8/2021,Water Polo,14
1/8/2021,Water Polo,15
1/8/2021,Water Polo,16
1/8/2021,Water Polo,18
1/8/2021,Water Polo,19
1/8/2021,Water Polo,20
2/8/2021,Water Polo,10
2/8/2021,Water Polo,11
2/8/2021,Water Polo,12
2/8/2021,Water Polo,14
2/8/2021,Water Polo,15
2/8/2021,Water Polo,16
2/8/2021,Water Polo,18
2/8/2021,Water Polo,19
2/8/2021,Water Polo,20
3/8/2021,Water Polo,14
3/8/2021,Water Polo,15
3/8/2021,Water Polo,16
3/8/2021,Water Polo,18
3/8/2021,Water Polo,19
3/8/2021,Water Polo,20
4/8/2021,Water Polo,14
4/8/2021,Water Polo,15
4/8/2021,Water Polo,16
4/8/2021,Water Polo,18
4/8/2021,Water Polo,19
4/8/2021,Water Polo,20
5/8/2021,Water Polo,14
5/8/2021,Water Polo,15
5/8/2021,Water Polo,16
5/8/2021,Water Polo,18
5/8/2021,Water Polo,19
5/8/2021,Water Polo,20
6/8/2021,Water Polo,14
6/8/2021,Water Polo,15
6/8/2021,Water Polo,16
6/8/2021,Water Polo,18
6/8/2021,Water Polo,19
6/8/2021,Water Polo,20
7/8/2021,Water Polo,9
7/8/2021,Water Polo,10
7/8/2021,Water Polo,1
7/8/2021,Water Polo,13
7/8/2021,Water Polo,14
7/8/2021,Water Polo,16
7/8/2021,Water Polo,17
8/8/2021,Water Polo,9
8/8/2021,Water Polo,10
8/8/2021,Water Polo,11
8/8/2021,Water Polo,12
8/8/2021,Water Polo,13
8/8/2021,Water Polo,14
8/8/2021,Water Polo,16
8/8/2021,Water Polo,17
24/7/2021,Weightlifting,9
24/7/2021,Weightlifting,10
24/7/2021,Weightlifting,11
24/7/2021,Weightlifting,13
24/7/2021,Weightlifting,14
24/7/2021,Weightlifting,15
25/7/2021,Weightlifting,11
25/7/2021,Weightlifting,12
25/7/2021,Weightlifting,13
25/7/2021,Weightlifting,15
25/7/2021,Weightlifting,16
25/7/2021,Weightlifting,17
25/7/2021,Weightlifting,19
25/7/2021,Weightlifting,20
25/7/2021,Weightlifting,21
26/7/2021,Weightlifting,13
26/7/2021,Weightlifting,14
26/7/2021,Weightlifting,15
26/7/2021,Weightlifting,19
26/7/2021,Weightlifting,20
26/7/2021,Weightlifting,21
27/7/2021,Weightlifting,11
27/7/2021,Weightlifting,12
27/7/2021,Weightlifting,13
27/7/2021,Weightlifting,15
27/7/2021,Weightlifting,16
27/7/2021,Weightlifting,17
27/7/2021,Weightlifting,19
27/7/2021,Weightlifting,20
27/7/2021,Weightlifting,21
28/7/2021,Weightlifting,13
28/7/2021,Weightlifting,14
28/7/2021,Weightlifting,15
28/7/2021,Weightlifting,19
28/7/2021,Weightlifting,20
28/7/2021,Weightlifting,21
31/7/2021,Weightlifting,11
31/7/2021,Weightlifting,12
31/7/2021,Weightlifting,13
31/7/2021,Weightlifting,15
31/7/2021,Weightlifting,16
31/7/2021,Weightlifting,17
31/7/2021,Weightlifting,19
31/7/2021,Weightlifting,20
31/7/2021,Weightlifting,21
1/8/2021,Weightlifting,13
1/8/2021,Weightlifting,14
1/8/2021,Weightlifting,15
1/8/2021,Weightlifting,19
1/8/2021,Weightlifting,20
1/8/2021,Weightlifting,21
2/8/2021,Weightlifting,11
2/8/2021,Weightlifting,12
2/8/2021,Weightlifting,13
2/8/2021,Weightlifting,15
2/8/2021,Weightlifting,16
2/8/2021,Weightlifting,17
2/8/2021,Weightlifting,19
2/8/2021,Weightlifting,20
2/8/2021,Weightlifting,21
3/8/2021,Weightlifting,13
3/8/2021,Weightlifting,14
3/8/2021,Weightlifting,15
3/8/2021,Weightlifting,19
3/8/2021,Weightlifting,20
3/8/2021,Weightlifting,21
4/8/2021,Weightlifting,13
4/8/2021,Weightlifting,14
4/8/2021,Weightlifting,15
4/8/2021,Weightlifting,19
4/8/2021,Weightlifting,20
4/8/2021,Weightlifting,21
1/8/2021,Wrestling,11
1/8/2021,Wrestling,12
1/8/2021,Wrestling,18
1/8/2021,Wrestling,19
2/8/2021,Wrestling,11
2/8/2021,Wrestling,12
2/8/2021,Wrestling,13
2/8/2021,Wrestling,18
2/8/2021,Wrestling,19
2/8/2021,Wrestling,20
2/8/2021,Wrestling,21
3/8/2021,Wrestling,11
3/8/2021,Wrestling,12
3/8/2021,Wrestling,13
3/8/2021,Wrestling,18
3/8/2021,Wrestling,19
3/8/2021,Wrestling,20
3/8/2021,Wrestling,21
4/8/2021,Wrestling,11
4/8/2021,Wrestling,12
4/8/2021,Wrestling,13
4/8/2021,Wrestling,18
4/8/2021,Wrestling,19
4/8/2021,Wrestling,20
4/8/2021,Wrestling,21
5/8/2021,Wrestling,11
5/8/2021,Wrestling,12
5/8/2021,Wrestling,13
5/8/2021,Wrestling,18
5/8/2021,Wrestling,19
5/8/2021,Wrestling,20
5/8/2021,Wrestling,21
6/8/2021,Wrestling,11
6/8/2021,Wrestling,12
6/8/2021,Wrestling,13
6/8/2021,Wrestling,18
6/8/2021,Wrestling,19
6/8/2021,Wrestling,20
6/8/2021,Wrestling,21
7/8/2021,Wrestling,18
7/8/2021,Wrestling,19
7/8/2021,Wrestling,20
7/8/2021,Wrestling,21